-- MySQL dump 10.13  Distrib 5.6.19, for osx10.7 (i386)
--
-- Host: localhost    Database: ringsdb_v2
-- ------------------------------------------------------
-- Server version	5.6.21

/*!40101 SET @OLD_CHARACTER_SET_CLIENT=@@CHARACTER_SET_CLIENT */;
/*!40101 SET @OLD_CHARACTER_SET_RESULTS=@@CHARACTER_SET_RESULTS */;
/*!40101 SET @OLD_COLLATION_CONNECTION=@@COLLATION_CONNECTION */;
/*!40101 SET NAMES utf8 */;
/*!40103 SET @OLD_TIME_ZONE=@@TIME_ZONE */;
/*!40103 SET TIME_ZONE='+00:00' */;
/*!40014 SET @OLD_UNIQUE_CHECKS=@@UNIQUE_CHECKS, UNIQUE_CHECKS=0 */;
/*!40014 SET @OLD_FOREIGN_KEY_CHECKS=@@FOREIGN_KEY_CHECKS, FOREIGN_KEY_CHECKS=0 */;
/*!40101 SET @OLD_SQL_MODE=@@SQL_MODE, SQL_MODE='NO_AUTO_VALUE_ON_ZERO' */;
/*!40111 SET @OLD_SQL_NOTES=@@SQL_NOTES, SQL_NOTES=0 */;

--
-- Dumping data for table `encounter`
--

LOCK TABLES `encounter` WRITE;
/*!40000 ALTER TABLE `encounter` DISABLE KEYS */;
INSERT INTO `encounter` (`id`, `pack_id`, `code`, `name`, `date_creation`, `date_update`) VALUES (1,1,'Passage Through Mirkwood','Passage Through Mirkwood','2016-03-28 01:29:11','2016-03-28 01:29:11'),(2,1,'Dol Guldur Orcs','Dol Guldur Orcs','2016-03-28 01:29:30','2016-03-28 01:29:30'),(3,1,'Spiders of Mirkwood','Spiders of Mirkwood','2016-03-28 01:30:20','2016-03-28 01:30:20'),(4,1,'Journey Along the Anduin','Journey Along the Anduin','2016-03-28 01:30:37','2016-03-28 01:30:37'),(5,1,'Sauron\'s Reach','Sauron\'s Reach','2016-03-28 01:31:17','2016-03-28 01:31:17'),(6,1,'Wilderlands','Wilderlands','2016-03-28 01:31:27','2016-03-28 01:31:27'),(7,1,'Escape from Dol Guldur','Escape from Dol Guldur','2016-03-28 01:31:42','2016-03-28 01:31:42'),(8,2,'The Hunt for Gollum','The Hunt for Gollum','2016-03-28 01:31:55','2016-03-28 01:31:55'),(9,3,'Conflict at the Carrock','Conflict at the Carrock','2016-03-28 01:32:08','2016-03-28 01:32:08'),(10,4,'A Journey to Rhosgobel','A Journey to Rhosgobel','2016-03-28 01:32:22','2016-03-28 01:32:22'),(11,5,'The Hills of Emyn Muil','The Hills of Emyn Muil','2016-03-28 01:32:37','2016-03-28 01:32:37'),(12,6,'The Dead Marshes','The Dead Marshes','2016-03-28 01:32:50','2016-03-28 01:32:50'),(13,7,'Return to Mirkwood','Return to Mirkwood','2016-03-28 01:33:07','2016-03-28 01:33:07'),(14,8,'Into the Pit','Into the Pit','2016-03-28 01:33:07','2016-03-28 01:33:07'),(15,8,'Twists and Turns','Twists and Turns','2016-03-28 01:33:07','2016-03-28 01:33:07'),(16,8,'Hazards of the Pit','Hazards of the Pit','2016-03-28 01:33:07','2016-03-28 01:33:07'),(17,8,'Goblins of the Deep','Goblins of the Deep','2016-03-28 01:33:07','2016-03-28 01:33:07'),(18,8,'The Seventh Level','The Seventh Level','2016-03-28 01:33:07','2016-03-28 01:33:07'),(19,8,'Plundering Goblins','Plundering Goblins','2016-03-28 01:33:07','2016-03-28 01:33:07'),(20,8,'Flight from Moria','Flight from Moria','2016-03-28 01:33:07','2016-03-28 01:33:07'),(21,8,'Deeps of Moria','Deeps of Moria','2016-03-28 01:33:07','2016-03-28 01:33:07'),(22,8,'Misty Mountains','Misty Mountains','2016-03-28 01:33:07','2016-03-28 01:33:07'),(23,9,'The Redhorn Gate','The Redhorn Gate','2016-03-28 01:33:07','2016-03-28 01:33:07'),(24,10,'Road to Rivendell','Road to Rivendell','2016-03-28 01:33:07','2016-03-28 01:33:07'),(25,11,'The Watcher in the Water','The Watcher in the Water','2016-03-28 01:33:07','2016-03-28 01:33:07'),(26,12,'The Long Dark','The Long Dark','2016-03-28 01:33:07','2016-03-28 01:33:07'),(27,13,'Foundations of Stone','Foundations of Stone','2016-03-28 01:33:07','2016-03-28 01:33:07'),(28,14,'Shadow and Flame','Shadow and Flame','2016-03-28 01:33:07','2016-03-28 01:33:07'),(29,15,'Peril in Pelargir','Peril in Pelargir','2016-03-28 01:33:07','2016-03-28 01:33:07'),(30,15,'Streets of Gondor','Streets of Gondor','2016-03-28 01:33:07','2016-03-28 01:33:07'),(31,15,'Brigands','Brigands','2016-03-28 01:33:07','2016-03-28 01:33:07'),(32,15,'Into Ithilien','Into Ithilien','2016-03-28 01:33:07','2016-03-28 01:33:07'),(33,15,'Brooding Forest','Brooding Forest','2016-03-28 01:33:07','2016-03-28 01:33:07'),(34,15,'Creatures of the Forest','Creatures of the Forest','2016-03-28 01:33:07','2016-03-28 01:33:07'),(35,15,'Southrons','Southrons','2016-03-28 01:33:07','2016-03-28 01:33:07'),(36,15,'The Siege of Cair Andros','The Siege of Cair Andros','2016-03-28 01:33:07','2016-03-28 01:33:07'),(37,15,'Ravaging Orcs','Ravaging Orcs','2016-03-28 01:33:07','2016-03-28 01:33:07'),(38,15,'Mordor Elite','Mordor Elite','2016-03-28 01:33:07','2016-03-28 01:33:07'),(39,16,'The Steward\'s Fear','The Steward\'s Fear','2016-03-28 01:33:07','2016-03-28 01:33:07'),(40,17,'The Drúadan Forest','The Drúadan Forest','2016-03-28 01:33:07','2016-03-28 01:33:07'),(41,18,'Encounter at Amon Dîn','Encounter at Amon Dîn','2016-03-28 01:33:07','2016-03-28 01:33:07'),(42,19,'Assault on Osgiliath','Assault on Osgiliath','2016-03-28 01:33:07','2016-03-28 01:33:07'),(43,20,'The Blood of Gondor','The Blood of Gondor','2016-03-28 01:33:07','2016-03-28 01:33:07'),(44,21,'The Morgul Vale','The Morgul Vale','2016-03-28 01:33:07','2016-03-28 01:33:07'),(45,22,'The Fords of Isen','The Fords of Isen','2016-03-28 01:33:07','2016-03-28 01:33:07'),(46,22,'Dunland Warriors','Dunland Warriors','2016-03-28 01:33:07','2016-03-28 01:33:07'),(47,22,'Dunland Raiders','Dunland Raiders','2016-03-28 01:33:07','2016-03-28 01:33:07'),(48,22,'To Catch an Orc','To Catch an Orc','2016-03-28 01:33:07','2016-03-28 01:33:07'),(49,22,'Misty Mountain Orcs','Misty Mountain Orcs','2016-03-28 01:33:07','2016-03-28 01:33:07'),(50,22,'Broken Lands','Broken Lands','2016-03-28 01:33:07','2016-03-28 01:33:07'),(51,22,'Into Fangorn','Into Fangorn','2016-03-28 01:33:07','2016-03-28 01:33:07'),(52,22,'Ancient Forest','Ancient Forest','2016-03-28 01:33:07','2016-03-28 01:33:07'),(53,22,'Weary Travelers','Weary Travelers','2016-03-28 01:33:07','2016-03-28 01:33:07'),(54,23,'The Dunland Trap','The Dunland Trap','2016-03-28 01:33:07','2016-03-28 01:33:07'),(55,24,'The Three Trials','The Three Trials','2016-03-28 01:33:07','2016-03-28 01:33:07'),(56,25,'Trouble in Tharbad','Trouble in Tharbad','2016-03-28 01:33:07','2016-03-28 01:33:07'),(57,26,'The Nîn-in-Eilph','The Nîn-in-Eilph','2016-03-28 01:33:07','2016-03-28 01:33:07'),(58,27,'Celebrimbor\'s Secret','Celebrimbor\'s Secret','2016-03-28 01:33:07','2016-03-28 01:33:07'),(59,28,'The Antlered Crown','The Antlered Crown','2016-03-28 01:33:07','2016-03-28 01:33:07'),(60,29,'Intruders in Chetwood','Intruders in Chetwood','2016-03-28 01:33:07','2016-03-28 01:33:07'),(61,29,'Iârion','Iârion','2016-03-28 01:33:07','2016-03-28 01:33:07'),(62,29,'Eriador Wilds','Eriador Wilds','2016-03-28 01:33:07','2016-03-28 01:33:07'),(63,29,'Angmar Orcs','Angmar Orcs','2016-03-28 01:33:07','2016-03-28 01:33:07'),(64,29,'Ruins of Arnor','Ruins of Arnor','2016-03-28 01:33:07','2016-03-28 01:33:07'),(65,29,'The Weather Hills','The Weather Hills','2016-03-28 01:33:07','2016-03-28 01:33:07'),(66,29,'Foul Weather','Foul Weather','2016-03-28 01:33:07','2016-03-28 01:33:07'),(67,29,'Dark Sorcery','Dark Sorcery','2016-03-28 01:33:07','2016-03-28 01:33:07'),(68,29,'Deadmen\'s Dike','Deadmen\'s Dike','2016-03-28 01:33:07','2016-03-28 01:33:07'),(69,29,'Cursed Dead','Cursed Dead','2016-03-28 01:33:07','2016-03-28 01:33:07'),(70,30,'The Wastes of Eriador','The Wastes of Eriador','2016-03-28 01:33:07','2016-03-28 01:33:07'),(71,31,'Escape from Mount Gram','Escape from Mount Gram','2016-03-28 01:33:07','2016-03-28 01:33:07'),(72,32,'Across the Ettenmoors','Across the Ettenmoors','2016-03-28 01:33:07','2016-03-28 01:33:07'),(73,33,'The Treachery of Rhudaur','The Treachery of Rhudaur','2016-03-28 01:33:07','2016-03-28 01:33:07'),(74,34,'The Battle of Carn Dîm','The Battle of Carn Dîm','2016-03-28 01:33:07','2016-03-28 01:33:07'),(75,35,'The Dread Realm','The Dread Realm','2016-03-28 01:33:07','2016-03-28 01:33:07'),(76,36,'Corsair Pirates','Corsair Pirates','2016-03-28 01:33:07','2016-03-28 01:33:07'),(77,36,'Corsair Raiders','Corsair Raiders','2016-03-28 01:33:07','2016-03-28 01:33:07'),(78,36,'Drowned Dead','Drowned Dead','2016-03-28 01:33:07','2016-03-28 01:33:07'),(79,36,'Raid on the Grey Havens','Raid on the Grey Havens','2016-03-28 01:33:07','2016-03-28 01:33:07'),(80,36,'Stormy Weather','Stormy Weather','2016-03-28 01:33:07','2016-03-28 01:33:07'),(81,36,'The Dream-chaser\'s Fleet','The Dream-chaser\'s Fleet','2016-03-28 01:33:07','2016-03-28 01:33:07'),(82,36,'The Fate of Númenor','The Fate of Númenor','2016-03-28 01:33:07','2016-03-28 01:33:07'),(83,36,'Ruins of Númenor','Ruins of Númenor','2016-03-28 01:33:07','2016-03-28 01:33:07'),(84,36,'The Stormcaller Elite','The Stormcaller Elite','2016-03-28 01:33:07','2016-03-28 01:33:07'),(85,36,'Umbar Fleet','Umbar Fleet','2016-03-28 01:33:07','2016-03-28 01:33:07'),(86,36,'Vast Oceans','Vast Oceans','2016-03-28 01:33:07','2016-03-28 01:33:07'),(87,36,'Voyage Across Belegaer','Voyage Across Belegaer','2016-03-28 01:33:07','2016-03-28 01:33:07'),(88,37,'We Must Away, Ere Break of Day','We Must Away, Ere Break of Day','2016-03-28 01:33:07','2016-03-28 01:33:07'),(89,37,'Western Lands','Western Lands','2016-03-28 01:33:07','2016-03-28 01:33:07'),(90,37,'Over the Misty Mountains Grim','Over the Misty Mountains Grim','2016-03-28 01:33:07','2016-03-28 01:33:07'),(91,37,'The Great Goblin','The Great Goblin','2016-03-28 01:33:07','2016-03-28 01:33:07'),(92,37,'Misty Mountain Goblins','Misty Mountain Goblins','2016-03-28 01:33:07','2016-03-28 01:33:07'),(93,37,'Dungeons Deep and Caverns Dim','Dungeons Deep and Caverns Dim','2016-03-28 01:33:07','2016-03-28 01:33:07'),(94,38,'Flies and Spiders','Flies and Spiders','2016-03-28 01:33:07','2016-03-28 01:33:07'),(95,38,'Wilderland','Wilderland','2016-03-28 01:33:07','2016-03-28 01:33:07'),(96,38,'The Lonely Mountain','The Lonely Mountain','2016-03-28 01:33:07','2016-03-28 01:33:07'),(97,38,'The Battle of Five Armies','The Battle of Five Armies','2016-03-28 01:33:07','2016-03-28 01:33:07'),(98,39,'A Shadow of the Past','A Shadow of the Past','2016-03-28 01:33:07','2016-03-28 01:33:07'),(99,39,'Hunted','Hunted','2016-03-28 01:33:07','2016-03-28 01:33:07'),(100,39,'The Ring','The Ring','2016-03-28 01:33:07','2016-03-28 01:33:07'),(101,39,'The Black Riders','The Black Riders','2016-03-28 01:33:07','2016-03-28 01:33:07'),(102,39,'A Knife in the Dark','A Knife in the Dark','2016-03-28 01:33:07','2016-03-28 01:33:07'),(103,39,'The Nazgûl','The Nazgûl','2016-03-28 01:33:07','2016-03-28 01:33:07'),(104,39,'Flight to the Ford','Flight to the Ford','2016-03-28 01:33:07','2016-03-28 01:33:07'),(105,40,'The Ring Goes South','The Ring Goes South','2016-03-28 01:33:07','2016-03-28 01:33:07'),(106,40,'Journey in the Dark','Journey in the Dark','2016-03-28 01:33:07','2016-03-28 01:33:07'),(107,40,'Breaking of the Fellowship','Breaking of the Fellowship','2016-03-28 01:33:07','2016-03-28 01:33:07'),(108,41,'The Uruk-hai','The Uruk-hai','2016-03-28 01:33:07','2016-03-28 01:33:07'),(109,41,'Orcs of the White Hand','Orcs of the White Hand','2016-03-28 01:33:07','2016-03-28 01:33:07'),(110,41,'Snaga Orcs','Snaga Orcs','2016-03-28 01:33:07','2016-03-28 01:33:07'),(111,41,'Helm\'s Deep','Helm\'s Deep','2016-03-28 01:33:07','2016-03-28 01:33:07'),(112,41,'The Road to Isengard','The Road to Isengard','2016-03-28 01:33:07','2016-03-28 01:33:07'),(113,42,'The Passage of the Marshes','The Passage of the Marshes','2016-03-28 01:33:07','2016-03-28 01:33:07'),(114,42,'Gollum','Gollum','2016-03-28 01:33:07','2016-03-28 01:33:07'),(115,42,'Nazgûl','Nazgûl','2016-03-28 01:33:07','2016-03-28 01:33:07'),(116,42,'Journey to the Cross-roads','Journey to the Cross-roads','2016-03-28 01:33:07','2016-03-28 01:33:07'),(117,42,'Men of Harad','Men of Harad','2016-03-28 01:33:07','2016-03-28 01:33:07'),(118,42,'Shelob\'s Lair','Shelob\'s Lair','2016-03-28 01:33:07','2016-03-28 01:33:07'),(119,42,'The Great Spider','The Great Spider','2016-03-28 01:33:07','2016-03-28 01:33:07'),(120,NULL,'The Massing at Osgiliath','The Massing at Osgiliath','2016-03-28 01:33:07','2016-03-28 01:33:07'),(121,NULL,'The Battle of Lake-town','The Battle of Lake-town','2016-03-28 01:33:07','2016-03-28 01:33:07'),(122,NULL,'The Stone of Erech','The Stone of Erech','2016-03-28 01:33:07','2016-03-28 01:33:07'),(123,NULL,'The Old Forest','The Old Forest','2016-03-28 01:33:07','2016-03-28 01:33:07'),(124,NULL,'Fog on the Barrow-downs','Fog on the Barrow-downs','2016-03-28 01:33:07','2016-03-28 01:33:07'),(125,NULL,'The Ruins of Belegost','The Ruins of Belegost','2016-03-28 01:33:07','2016-03-28 01:33:07'),(126,NULL,'Murder at the Prancing Pony','Murder at the Prancing Pony','2016-03-28 01:33:07','2016-03-28 01:33:07'),(127,NULL,'Investigation','Investigation','2016-03-28 01:33:07','2016-03-28 01:33:07');
/*!40000 ALTER TABLE `encounter` ENABLE KEYS */;
UNLOCK TABLES;

--
-- Dumping data for table `scenario`
--

LOCK TABLES `scenario` WRITE;
/*!40000 ALTER TABLE `scenario` DISABLE KEYS */;
INSERT INTO `scenario` (`id`, `pack_id`, `code`, `name`, `date_creation`, `date_update`, `position`) VALUES (1,1,'Passage Through Mirkwood','Passage Through Mirkwood','2016-03-28 01:35:10','2016-03-28 01:35:10',1),(2,1,'Journey Down the Anduin','Journey Down the Anduin','2016-03-28 01:36:38','2016-03-28 01:36:38',2),(3,1,'Escape from Dol Guldur','Escape from Dol Guldur','2016-03-28 01:36:38','2016-03-28 01:36:38',3),(4,2,'The Hunt for Gollum','The Hunt for Gollum','2016-03-28 01:36:38','2016-03-28 01:36:38',4),(5,3,'Conflict at the Carrock','Conflict at the Carrock','2016-03-28 01:36:38','2016-03-28 01:36:38',5),(6,4,'A Journey to Rhosgobel','A Journey to Rhosgobel','2016-03-28 01:36:38','2016-03-28 01:36:38',6),(7,5,'The Hills of Emyn Muil','The Hills of Emyn Muil','2016-03-28 01:36:38','2016-03-28 01:36:38',7),(8,6,'The Dead Marshes','The Dead Marshes','2016-03-28 01:36:38','2016-03-28 01:36:38',8),(9,7,'Return to Mirkwood','Return to Mirkwood','2016-03-28 01:36:38','2016-03-28 01:36:38',9),(10,8,'Into the Pit','Into the Pit','2016-03-28 01:36:38','2016-03-28 01:36:38',10),(11,8,'The Seventh Level','The Seventh Level','2016-03-28 01:36:38','2016-03-28 01:36:38',11),(12,8,'Flight from Moria','Flight from Moria','2016-03-28 01:36:38','2016-03-28 01:36:38',12),(13,9,'The Redhorn Gate','The Redhorn Gate','2016-03-28 01:36:38','2016-03-28 01:36:38',13),(14,10,'Road to Rivendell','Road to Rivendell','2016-03-28 01:36:38','2016-03-28 01:36:38',14),(15,11,'The Watcher in the Water','The Watcher in the Water','2016-03-28 01:36:38','2016-03-28 01:36:38',15),(16,12,'The Long Dark','The Long Dark','2016-03-28 01:36:38','2016-03-28 01:36:38',16),(17,13,'Foundations of Stone','Foundations of Stone','2016-03-28 01:36:38','2016-03-28 01:36:38',17),(18,14,'Shadow and Flame','Shadow and Flame','2016-03-28 01:36:38','2016-03-28 01:36:38',18),(19,15,'Peril in Pelargir','Peril in Pelargir','2016-03-28 01:36:38','2016-03-28 01:36:38',19),(20,15,'Into Ithilien','Into Ithilien','2016-03-28 01:36:38','2016-03-28 01:36:38',20),(21,15,'The Siege of Cair Andros','The Siege of Cair Andros','2016-03-28 01:36:38','2016-03-28 01:36:38',21),(22,16,'The Steward\'s Fear','The Steward\'s Fear','2016-03-28 01:36:38','2016-03-28 01:36:38',22),(23,17,'The Drúadan Forest','The Drúadan Forest','2016-03-28 01:36:38','2016-03-28 01:36:38',23),(24,18,'Encounter at Amon Dîn','Encounter at Amon Dîn','2016-03-28 01:36:38','2016-03-28 01:36:38',24),(25,19,'Assault on Osgiliath','Assault on Osgiliath','2016-03-28 01:36:38','2016-03-28 01:36:38',25),(26,20,'The Blood of Gondor','The Blood of Gondor','2016-03-28 01:36:38','2016-03-28 01:36:38',26),(27,21,'The Morgul Vale','The Morgul Vale','2016-03-28 01:36:38','2016-03-28 01:36:38',27),(28,22,'The Fords of Isen','The Fords of Isen','2016-03-28 01:36:38','2016-03-28 01:36:38',28),(29,22,'To Catch an Orc','To Catch an Orc','2016-03-28 01:36:38','2016-03-28 01:36:38',29),(30,22,'Into Fangorn','Into Fangorn','2016-03-28 01:36:38','2016-03-28 01:36:38',30),(31,23,'The Dunland Trap','The Dunland Trap','2016-03-28 01:36:38','2016-03-28 01:36:38',31),(32,24,'The Three Trials','The Three Trials','2016-03-28 01:36:38','2016-03-28 01:36:38',32),(33,25,'Trouble in Tharbad','Trouble in Tharbad','2016-03-28 01:36:38','2016-03-28 01:36:38',33),(34,26,'The Nîn-in-Eilph','The Nîn-in-Eilph','2016-03-28 01:36:38','2016-03-28 01:36:38',34),(35,27,'Celebrimbor\'s Secret','Celebrimbor\'s Secret','2016-03-28 01:36:38','2016-03-28 01:36:38',35),(36,28,'The Antlered Crown','The Antlered Crown','2016-03-28 01:36:38','2016-03-28 01:36:38',36),(37,29,'Intruders in Chetwood','Intruders in Chetwood','2016-03-28 01:36:38','2016-03-28 01:36:38',37),(38,29,'The Weather Hills','The Weather Hills','2016-03-28 01:36:38','2016-03-28 01:36:38',38),(39,29,'Deadmen\'s Dike','Deadmen\'s Dike','2016-03-28 01:36:38','2016-03-28 01:36:38',39),(40,30,'The Wastes of Eriador','The Wastes of Eriador','2016-03-28 01:36:38','2016-03-28 01:36:38',40),(41,31,'Escape from Mount Gram','Escape from Mount Gram','2016-03-28 01:36:38','2016-03-28 01:36:38',41),(42,32,'Across the Ettenmoors','Across the Ettenmoors','2016-03-28 01:36:38','2016-03-28 01:36:38',42),(43,33,'The Treachery of Rhudaur','The Treachery of Rhudaur','2016-03-28 01:36:38','2016-03-28 01:36:38',43),(44,34,'The Battle of Carn Dûm','The Battle of Carn Dûm','2016-03-28 01:36:38','2016-03-28 01:36:38',44),(45,35,'The Dread Realm','The Dread Realm','2016-03-28 01:36:38','2016-03-28 01:36:38',45),(46,36,'Voyage Across Belegaer','Voyage Across Belegaer','2016-03-28 01:36:38','2016-03-28 01:36:38',46),(47,36,'The Fate of Númenor','The Fate of Númenor','2016-03-28 01:36:38','2016-03-28 01:36:38',47),(48,36,'Raid on the Grey Havens','Raid on the Grey Havens','2016-03-28 01:36:38','2016-03-28 01:36:38',48),(49,37,'We Must Away, Ere Break of Day','We Must Away, Ere Break of Day','2016-03-28 01:36:38','2016-03-28 01:36:38',49),(50,37,'Over the Misty Mountains Grim','Over the Misty Mountains Grim','2016-03-28 01:36:38','2016-03-28 01:36:38',50),(51,37,'Dungeons Deep and Caverns Dim','Dungeons Deep and Caverns Dim','2016-03-28 01:36:38','2016-03-28 01:36:38',51),(52,38,'Flies and Spiders','Flies and Spiders','2016-03-28 01:36:38','2016-03-28 01:36:38',52),(53,38,'The Lonely Mountain','The Lonely Mountain','2016-03-28 01:36:38','2016-03-28 01:36:38',53),(54,38,'The Battle of Five Armies','The Battle of Five Armies','2016-03-28 01:36:38','2016-03-28 01:36:38',54),(55,39,'A Shadow of the Past','A Shadow of the Past','2016-03-28 01:36:38','2016-03-28 01:36:38',55),(56,39,'A Knife in the Dark','A Knife in the Dark','2016-03-28 01:36:38','2016-03-28 01:36:38',56),(57,39,'Flight to the Ford','Flight to the Ford','2016-03-28 01:36:38','2016-03-28 01:36:38',57),(58,40,'The Ring Goes South','The Ring Goes South','2016-03-28 01:36:38','2016-03-28 01:36:38',58),(59,40,'Journey in the Dark','Journey in the Dark','2016-03-28 01:36:38','2016-03-28 01:36:38',59),(60,40,'Breaking of the Fellowship','Breaking of the Fellowship','2016-03-28 01:36:38','2016-03-28 01:36:38',60),(61,41,'The Uruk-hai','The Uruk-hai','2016-03-28 01:36:38','2016-03-28 01:36:38',61),(62,41,'Helm\'s Deep','Helm\'s Deep','2016-03-28 01:36:38','2016-03-28 01:36:38',62),(63,41,'The Road to Isengard','The Road to Isengard','2016-03-28 01:36:38','2016-03-28 01:36:38',63),(64,42,'The Passage of the Marshes','The Passage of the Marshes','2016-03-28 01:36:38','2016-03-28 01:36:38',64),(65,42,'Journey to the Cross-roads','Journey to the Cross-roads','2016-03-28 01:36:38','2016-03-28 01:36:38',65),(66,42,'Shelob\'s Lair','Shelob\'s Lair','2016-03-28 01:36:38','2016-03-28 01:36:38',66),(67,NULL,'The Massing at Osgiliath','The Massing at Osgiliath','2016-03-28 01:36:38','2016-03-28 01:36:38',67),(68,NULL,'The Battle of Lake-town','The Battle of Lake-town','2016-03-28 01:36:38','2016-03-28 01:36:38',68),(69,NULL,'The Stone of Erech','The Stone of Erech','2016-03-28 01:36:38','2016-03-28 01:36:38',69),(70,NULL,'The Old Forest','The Old Forest','2016-03-28 01:36:38','2016-03-28 01:36:38',70),(71,NULL,'Fog on the Barrow-downs','Fog on the Barrow-downs','2016-03-28 01:36:38','2016-03-28 01:36:38',71),(72,NULL,'The Ruins of Belegost','The Ruins of Belegost','2016-03-28 01:36:38','2016-03-28 01:36:38',72),(73,NULL,'Murder at the Prancing Pony','Murder at the Prancing Pony','2016-03-28 01:36:38','2016-03-28 01:36:38',73);
/*!40000 ALTER TABLE `scenario` ENABLE KEYS */;
UNLOCK TABLES;

--
-- Dumping data for table `scenario_encounter`
--

LOCK TABLES `scenario_encounter` WRITE;
/*!40000 ALTER TABLE `scenario_encounter` DISABLE KEYS */;
INSERT INTO `scenario_encounter` (`scenario_id`, `encounter_id`) VALUES (1,1),(1,2),(1,3),(2,2),(2,4),(2,5),(2,6);
/*!40000 ALTER TABLE `scenario_encounter` ENABLE KEYS */;
UNLOCK TABLES;

--
-- Dumping routines for database 'ringsdb_v2'
--
/*!40103 SET TIME_ZONE=@OLD_TIME_ZONE */;

/*!40101 SET SQL_MODE=@OLD_SQL_MODE */;
/*!40014 SET FOREIGN_KEY_CHECKS=@OLD_FOREIGN_KEY_CHECKS */;
/*!40014 SET UNIQUE_CHECKS=@OLD_UNIQUE_CHECKS */;
/*!40101 SET CHARACTER_SET_CLIENT=@OLD_CHARACTER_SET_CLIENT */;
/*!40101 SET CHARACTER_SET_RESULTS=@OLD_CHARACTER_SET_RESULTS */;
/*!40101 SET COLLATION_CONNECTION=@OLD_COLLATION_CONNECTION */;
/*!40111 SET SQL_NOTES=@OLD_SQL_NOTES */;

-- Dump completed on 2016-03-29  1:11:27
