-- MySQL dump 10.13  Distrib 5.6.19, for osx10.7 (i386)
--
-- Host: localhost    Database: ringsdb
-- ------------------------------------------------------
-- Server version	5.6.21

/*!40101 SET @OLD_CHARACTER_SET_CLIENT=@@CHARACTER_SET_CLIENT */;
/*!40101 SET @OLD_CHARACTER_SET_RESULTS=@@CHARACTER_SET_RESULTS */;
/*!40101 SET @OLD_COLLATION_CONNECTION=@@COLLATION_CONNECTION */;
/*!40101 SET NAMES utf8 */;
/*!40103 SET @OLD_TIME_ZONE=@@TIME_ZONE */;
/*!40103 SET TIME_ZONE='+00:00' */;
/*!40014 SET @OLD_UNIQUE_CHECKS=@@UNIQUE_CHECKS, UNIQUE_CHECKS=0 */;
/*!40014 SET @OLD_FOREIGN_KEY_CHECKS=@@FOREIGN_KEY_CHECKS, FOREIGN_KEY_CHECKS=0 */;
/*!40101 SET @OLD_SQL_MODE=@@SQL_MODE, SQL_MODE='NO_AUTO_VALUE_ON_ZERO' */;
/*!40111 SET @OLD_SQL_NOTES=@@SQL_NOTES, SQL_NOTES=0 */;

--
-- Dumping data for table `encounter`
--

LOCK TABLES `encounter` WRITE;
/*!40000 ALTER TABLE `encounter` DISABLE KEYS */;
INSERT INTO `encounter` (`id`, `pack_id`, `code`, `name`, `date_creation`, `date_update`) VALUES (1,1,'Passage Through Mirkwood','Passage Through Mirkwood','2016-03-28 01:29:11','2016-03-28 01:29:11'),(2,1,'Dol Guldur Orcs','Dol Guldur Orcs','2016-03-28 01:29:30','2016-03-28 01:29:30'),(3,1,'Spiders of Mirkwood','Spiders of Mirkwood','2016-03-28 01:30:20','2016-03-28 01:30:20'),(4,1,'Journey Along the Anduin','Journey Along the Anduin','2016-03-28 01:30:37','2016-03-28 01:30:37'),(5,1,'Sauron\'s Reach','Sauron\'s Reach','2016-03-28 01:31:17','2016-03-28 01:31:17'),(6,1,'Wilderlands','Wilderlands','2016-03-28 01:31:27','2016-03-28 01:31:27'),(7,1,'Escape from Dol Guldur','Escape from Dol Guldur','2016-03-28 01:31:42','2016-03-28 01:31:42'),(8,2,'The Hunt for Gollum','The Hunt for Gollum','2016-03-28 01:31:55','2016-03-28 01:31:55'),(9,3,'Conflict at the Carrock','Conflict at the Carrock','2016-03-28 01:32:08','2016-03-28 01:32:08'),(10,4,'A Journey to Rhosgobel','A Journey to Rhosgobel','2016-03-28 01:32:22','2016-03-28 01:32:22'),(11,5,'The Hills of Emyn Muil','The Hills of Emyn Muil','2016-03-28 01:32:37','2016-03-28 01:32:37'),(12,6,'The Dead Marshes','The Dead Marshes','2016-03-28 01:32:50','2016-03-28 01:32:50'),(13,7,'Return to Mirkwood','Return to Mirkwood','2016-03-28 01:33:07','2016-03-28 01:33:07'),(14,8,'Into the Pit','Into the Pit','2016-03-28 01:33:07','2016-03-28 01:33:07'),(15,8,'Twists and Turns','Twists and Turns','2016-03-28 01:33:07','2016-03-28 01:33:07'),(16,8,'Hazards of the Pit','Hazards of the Pit','2016-03-28 01:33:07','2016-03-28 01:33:07'),(17,8,'Goblins of the Deep','Goblins of the Deep','2016-03-28 01:33:07','2016-03-28 01:33:07'),(18,8,'The Seventh Level','The Seventh Level','2016-03-28 01:33:07','2016-03-28 01:33:07'),(19,8,'Plundering Goblins','Plundering Goblins','2016-03-28 01:33:07','2016-03-28 01:33:07'),(20,8,'Flight from Moria','Flight from Moria','2016-03-28 01:33:07','2016-03-28 01:33:07'),(21,8,'Deeps of Moria','Deeps of Moria','2016-03-28 01:33:07','2016-03-28 01:33:07'),(22,8,'Misty Mountains','Misty Mountains','2016-03-28 01:33:07','2016-03-28 01:33:07'),(23,9,'The Redhorn Gate','The Redhorn Gate','2016-03-28 01:33:07','2016-03-28 01:33:07'),(24,10,'Road to Rivendell','Road to Rivendell','2016-03-28 01:33:07','2016-03-28 01:33:07'),(25,11,'The Watcher in the Water','The Watcher in the Water','2016-03-28 01:33:07','2016-03-28 01:33:07'),(26,12,'The Long Dark','The Long Dark','2016-03-28 01:33:07','2016-03-28 01:33:07'),(27,13,'Foundations of Stone','Foundations of Stone','2016-03-28 01:33:07','2016-03-28 01:33:07'),(28,14,'Shadow and Flame','Shadow and Flame','2016-03-28 01:33:07','2016-03-28 01:33:07'),(29,15,'Peril in Pelargir','Peril in Pelargir','2016-03-28 01:33:07','2016-03-28 01:33:07'),(30,15,'Streets of Gondor','Streets of Gondor','2016-03-28 01:33:07','2016-03-28 01:33:07'),(31,15,'Brigands','Brigands','2016-03-28 01:33:07','2016-03-28 01:33:07'),(32,15,'Into Ithilien','Into Ithilien','2016-03-28 01:33:07','2016-03-28 01:33:07'),(33,15,'Brooding Forest','Brooding Forest','2016-03-28 01:33:07','2016-03-28 01:33:07'),(34,15,'Creatures of the Forest','Creatures of the Forest','2016-03-28 01:33:07','2016-03-28 01:33:07'),(35,15,'Southrons','Southrons','2016-03-28 01:33:07','2016-03-28 01:33:07'),(36,15,'The Siege of Cair Andros','The Siege of Cair Andros','2016-03-28 01:33:07','2016-03-28 01:33:07'),(37,15,'Ravaging Orcs','Ravaging Orcs','2016-03-28 01:33:07','2016-03-28 01:33:07'),(38,15,'Mordor Elite','Mordor Elite','2016-03-28 01:33:07','2016-03-28 01:33:07'),(39,16,'The Steward\'s Fear','The Steward\'s Fear','2016-03-28 01:33:07','2016-03-28 01:33:07'),(40,17,'The Drúadan Forest','The Drúadan Forest','2016-03-28 01:33:07','2016-03-28 01:33:07'),(41,18,'Encounter at Amon Dîn','Encounter at Amon Dîn','2016-03-28 01:33:07','2016-03-28 01:33:07'),(42,19,'Assault on Osgiliath','Assault on Osgiliath','2016-03-28 01:33:07','2016-03-28 01:33:07'),(43,20,'The Blood of Gondor','The Blood of Gondor','2016-03-28 01:33:07','2016-03-28 01:33:07'),(44,21,'The Morgul Vale','The Morgul Vale','2016-03-28 01:33:07','2016-03-28 01:33:07'),(45,22,'The Fords of Isen','The Fords of Isen','2016-03-28 01:33:07','2016-03-28 01:33:07'),(46,22,'Dunland Warriors','Dunland Warriors','2016-03-28 01:33:07','2016-03-28 01:33:07'),(47,22,'Dunland Raiders','Dunland Raiders','2016-03-28 01:33:07','2016-03-28 01:33:07'),(48,22,'To Catch an Orc','To Catch an Orc','2016-03-28 01:33:07','2016-03-28 01:33:07'),(49,22,'Misty Mountain Orcs','Misty Mountain Orcs','2016-03-28 01:33:07','2016-03-28 01:33:07'),(50,22,'Broken Lands','Broken Lands','2016-03-28 01:33:07','2016-03-28 01:33:07'),(51,22,'Into Fangorn','Into Fangorn','2016-03-28 01:33:07','2016-03-28 01:33:07'),(52,22,'Ancient Forest','Ancient Forest','2016-03-28 01:33:07','2016-03-28 01:33:07'),(53,22,'Weary Travelers','Weary Travelers','2016-03-28 01:33:07','2016-03-28 01:33:07'),(54,23,'The Dunland Trap','The Dunland Trap','2016-03-28 01:33:07','2016-03-28 01:33:07'),(55,24,'The Three Trials','The Three Trials','2016-03-28 01:33:07','2016-03-28 01:33:07'),(56,25,'Trouble in Tharbad','Trouble in Tharbad','2016-03-28 01:33:07','2016-03-28 01:33:07'),(57,26,'The Nîn-in-Eilph','The Nîn-in-Eilph','2016-03-28 01:33:07','2016-03-28 01:33:07'),(58,27,'Celebrimbor\'s Secret','Celebrimbor\'s Secret','2016-03-28 01:33:07','2016-03-28 01:33:07'),(59,28,'The Antlered Crown','The Antlered Crown','2016-03-28 01:33:07','2016-03-28 01:33:07'),(60,29,'Intruders in Chetwood','Intruders in Chetwood','2016-03-28 01:33:07','2016-03-28 01:33:07'),(61,29,'Iârion','Iârion','2016-03-28 01:33:07','2016-03-28 01:33:07'),(62,29,'Eriador Wilds','Eriador Wilds','2016-03-28 01:33:07','2016-03-28 01:33:07'),(63,29,'Angmar Orcs','Angmar Orcs','2016-03-28 01:33:07','2016-03-28 01:33:07'),(64,29,'Ruins of Arnor','Ruins of Arnor','2016-03-28 01:33:07','2016-03-28 01:33:07'),(65,29,'The Weather Hills','The Weather Hills','2016-03-28 01:33:07','2016-03-28 01:33:07'),(66,29,'Foul Weather','Foul Weather','2016-03-28 01:33:07','2016-03-28 01:33:07'),(67,29,'Dark Sorcery','Dark Sorcery','2016-03-28 01:33:07','2016-03-28 01:33:07'),(68,29,'Deadmen\'s Dike','Deadmen\'s Dike','2016-03-28 01:33:07','2016-03-28 01:33:07'),(69,29,'Cursed Dead','Cursed Dead','2016-03-28 01:33:07','2016-03-28 01:33:07'),(70,30,'The Wastes of Eriador','The Wastes of Eriador','2016-03-28 01:33:07','2016-03-28 01:33:07'),(71,31,'Escape from Mount Gram','Escape from Mount Gram','2016-03-28 01:33:07','2016-03-28 01:33:07'),(72,32,'Across the Ettenmoors','Across the Ettenmoors','2016-03-28 01:33:07','2016-03-28 01:33:07'),(73,33,'The Treachery of Rhudaur','The Treachery of Rhudaur','2016-03-28 01:33:07','2016-03-28 01:33:07'),(74,34,'The Battle of Carn Dûm','The Battle of Carn Dûm','2016-03-28 01:33:07','2016-03-29 10:06:02'),(75,35,'The Dread Realm','The Dread Realm','2016-03-28 01:33:07','2016-03-28 01:33:07'),(76,36,'Corsair Pirates','Corsair Pirates','2016-03-28 01:33:07','2016-03-28 01:33:07'),(77,36,'Corsair Raiders','Corsair Raiders','2016-03-28 01:33:07','2016-03-28 01:33:07'),(78,36,'Drowned Dead','Drowned Dead','2016-03-28 01:33:07','2016-03-28 01:33:07'),(79,36,'Raid on the Grey Havens','Raid on the Grey Havens','2016-03-28 01:33:07','2016-03-28 01:33:07'),(80,36,'Stormy Weather','Stormy Weather','2016-03-28 01:33:07','2016-03-28 01:33:07'),(81,36,'The Dream-chaser\'s Fleet','The Dream-chaser\'s Fleet','2016-03-28 01:33:07','2016-03-28 01:33:07'),(82,36,'The Fate of Númenor','The Fate of Númenor','2016-03-28 01:33:07','2016-03-28 01:33:07'),(83,36,'Ruins of Númenor','Ruins of Númenor','2016-03-28 01:33:07','2016-03-28 01:33:07'),(84,36,'The Stormcaller Elite','The Stormcaller Elite','2016-03-28 01:33:07','2016-03-28 01:33:07'),(85,36,'Umbar Fleet','Umbar Fleet','2016-03-28 01:33:07','2016-03-28 01:33:07'),(86,36,'Vast Oceans','Vast Oceans','2016-03-28 01:33:07','2016-03-28 01:33:07'),(87,36,'Voyage Across Belegaer','Voyage Across Belegaer','2016-03-28 01:33:07','2016-03-28 01:33:07'),(88,37,'We Must Away, Ere Break of Day','We Must Away, Ere Break of Day','2016-03-28 01:33:07','2016-03-28 01:33:07'),(89,37,'Western Lands','Western Lands','2016-03-28 01:33:07','2016-03-28 01:33:07'),(90,37,'Over the Misty Mountains Grim','Over the Misty Mountains Grim','2016-03-28 01:33:07','2016-03-28 01:33:07'),(91,37,'The Great Goblin','The Great Goblin','2016-03-28 01:33:07','2016-03-28 01:33:07'),(92,37,'Misty Mountain Goblins','Misty Mountain Goblins','2016-03-28 01:33:07','2016-03-28 01:33:07'),(93,37,'Dungeons Deep and Caverns Dim','Dungeons Deep and Caverns Dim','2016-03-28 01:33:07','2016-03-28 01:33:07'),(94,38,'Flies and Spiders','Flies and Spiders','2016-03-28 01:33:07','2016-03-28 01:33:07'),(95,38,'Wilderland','Wilderland','2016-03-28 01:33:07','2016-03-28 01:33:07'),(96,38,'The Lonely Mountain','The Lonely Mountain','2016-03-28 01:33:07','2016-03-28 01:33:07'),(97,38,'The Battle of Five Armies','The Battle of Five Armies','2016-03-28 01:33:07','2016-03-28 01:33:07'),(98,39,'A Shadow of the Past','A Shadow of the Past','2016-03-28 01:33:07','2016-03-28 01:33:07'),(99,39,'Hunted','Hunted','2016-03-28 01:33:07','2016-03-28 01:33:07'),(100,39,'The Ring','The Ring','2016-03-28 01:33:07','2016-03-28 01:33:07'),(101,39,'The Black Riders','The Black Riders','2016-03-28 01:33:07','2016-03-28 01:33:07'),(102,39,'A Knife in the Dark','A Knife in the Dark','2016-03-28 01:33:07','2016-03-28 01:33:07'),(103,39,'The Nazgûl','The Nazgûl','2016-03-28 01:33:07','2016-03-28 01:33:07'),(104,39,'Flight to the Ford','Flight to the Ford','2016-03-28 01:33:07','2016-03-28 01:33:07'),(105,40,'The Ring Goes South','The Ring Goes South','2016-03-28 01:33:07','2016-03-28 01:33:07'),(106,40,'Journey in the Dark','Journey in the Dark','2016-03-28 01:33:07','2016-03-28 01:33:07'),(107,40,'Breaking of the Fellowship','Breaking of the Fellowship','2016-03-28 01:33:07','2016-03-28 01:33:07'),(108,41,'The Uruk-hai','The Uruk-hai','2016-03-28 01:33:07','2016-03-28 01:33:07'),(109,41,'Orcs of the White Hand','Orcs of the White Hand','2016-03-28 01:33:07','2016-03-28 01:33:07'),(110,41,'Snaga Orcs','Snaga Orcs','2016-03-28 01:33:07','2016-03-28 01:33:07'),(111,41,'Helm\'s Deep','Helm\'s Deep','2016-03-28 01:33:07','2016-03-28 01:33:07'),(112,41,'The Road to Isengard','The Road to Isengard','2016-03-28 01:33:07','2016-03-28 01:33:07'),(113,42,'The Passage of the Marshes','The Passage of the Marshes','2016-03-28 01:33:07','2016-03-28 01:33:07'),(114,42,'Gollum','Gollum','2016-03-28 01:33:07','2016-03-28 01:33:07'),(115,42,'Morgul Nazgûl','Morgul Nazgûl','2016-03-28 01:33:07','2016-03-29 10:19:58'),(116,42,'Journey to the Cross-roads','Journey to the Cross-roads','2016-03-28 01:33:07','2016-03-28 01:33:07'),(117,42,'Men of Harad','Men of Harad','2016-03-28 01:33:07','2016-03-28 01:33:07'),(118,42,'Shelob\'s Lair','Shelob\'s Lair','2016-03-28 01:33:07','2016-03-28 01:33:07'),(119,42,'The Great Spider','The Great Spider','2016-03-28 01:33:07','2016-03-28 01:33:07'),(120,NULL,'The Massing at Osgiliath','The Massing at Osgiliath','2016-03-28 01:33:07','2016-03-28 01:33:07'),(121,NULL,'The Battle of Lake-town','The Battle of Lake-town','2016-03-28 01:33:07','2016-03-28 01:33:07'),(122,NULL,'The Stone of Erech','The Stone of Erech','2016-03-28 01:33:07','2016-03-28 01:33:07'),(123,NULL,'The Old Forest','The Old Forest','2016-03-28 01:33:07','2016-03-28 01:33:07'),(124,NULL,'Fog on the Barrow-downs','Fog on the Barrow-downs','2016-03-28 01:33:07','2016-03-28 01:33:07'),(125,NULL,'The Ruins of Belegost','The Ruins of Belegost','2016-03-28 01:33:07','2016-03-28 01:33:07'),(126,NULL,'Murder at the Prancing Pony','Murder at the Prancing Pony','2016-03-28 01:33:07','2016-03-28 01:33:07'),(127,NULL,'Investigation','Investigation','2016-03-28 01:33:07','2016-03-28 01:33:07');
/*!40000 ALTER TABLE `encounter` ENABLE KEYS */;
UNLOCK TABLES;

--
-- Dumping data for table `scenario`
--

LOCK TABLES `scenario` WRITE;
/*!40000 ALTER TABLE `scenario` DISABLE KEYS */;
INSERT INTO `scenario` (`id`, `pack_id`, `position`, `code`, `name`, `date_creation`, `date_update`) VALUES (1,1,1,'Passage Through Mirkwood','Passage Through Mirkwood','2016-03-28 01:35:10','2016-03-28 01:35:10'),(2,1,2,'Journey Down the Anduin','Journey Down the Anduin','2016-03-28 01:36:38','2016-03-28 01:36:38'),(3,1,3,'Escape from Dol Guldur','Escape from Dol Guldur','2016-03-28 01:36:38','2016-03-29 01:22:37'),(4,2,4,'The Hunt for Gollum','The Hunt for Gollum','2016-03-28 01:36:38','2016-03-29 01:23:33'),(5,3,5,'Conflict at the Carrock','Conflict at the Carrock','2016-03-28 01:36:38','2016-03-29 01:23:58'),(6,4,6,'A Journey to Rhosgobel','A Journey to Rhosgobel','2016-03-28 01:36:38','2016-03-29 01:24:14'),(7,5,7,'The Hills of Emyn Muil','The Hills of Emyn Muil','2016-03-28 01:36:38','2016-03-29 01:24:36'),(8,6,8,'The Dead Marshes','The Dead Marshes','2016-03-28 01:36:38','2016-03-29 01:24:57'),(9,7,9,'Return to Mirkwood','Return to Mirkwood','2016-03-28 01:36:38','2016-03-29 01:25:14'),(10,8,10,'Into the Pit','Into the Pit','2016-03-28 01:36:38','2016-03-29 01:32:21'),(11,8,11,'The Seventh Level','The Seventh Level','2016-03-28 01:36:38','2016-03-29 01:32:53'),(12,8,12,'Flight from Moria','Flight from Moria','2016-03-28 01:36:38','2016-03-29 01:33:34'),(13,9,13,'The Redhorn Gate','The Redhorn Gate','2016-03-28 01:36:38','2016-03-29 01:33:59'),(14,10,14,'Road to Rivendell','Road to Rivendell','2016-03-28 01:36:38','2016-03-29 01:34:17'),(15,11,15,'The Watcher in the Water','The Watcher in the Water','2016-03-28 01:36:38','2016-03-29 01:34:35'),(16,12,16,'The Long Dark','The Long Dark','2016-03-28 01:36:38','2016-03-29 01:35:03'),(17,13,17,'Foundations of Stone','Foundations of Stone','2016-03-28 01:36:38','2016-03-29 01:35:42'),(18,14,18,'Shadow and Flame','Shadow and Flame','2016-03-28 01:36:38','2016-03-29 01:36:05'),(19,15,19,'Peril in Pelargir','Peril in Pelargir','2016-03-28 01:36:38','2016-03-29 09:52:02'),(20,15,20,'Into Ithilien','Into Ithilien','2016-03-28 01:36:38','2016-03-29 09:52:26'),(21,15,21,'The Siege of Cair Andros','The Siege of Cair Andros','2016-03-28 01:36:38','2016-03-29 09:53:03'),(22,16,22,'The Steward\'s Fear','The Steward\'s Fear','2016-03-28 01:36:38','2016-03-29 09:53:27'),(23,17,23,'The Drúadan Forest','The Drúadan Forest','2016-03-28 01:36:38','2016-03-29 09:53:42'),(24,18,24,'Encounter at Amon Dîn','Encounter at Amon Dîn','2016-03-28 01:36:38','2016-03-29 09:53:58'),(25,19,25,'Assault on Osgiliath','Assault on Osgiliath','2016-03-28 01:36:38','2016-03-29 09:54:14'),(26,20,26,'The Blood of Gondor','The Blood of Gondor','2016-03-28 01:36:38','2016-03-29 09:54:34'),(27,21,27,'The Morgul Vale','The Morgul Vale','2016-03-28 01:36:38','2016-03-29 09:54:53'),(28,22,28,'The Fords of Isen','The Fords of Isen','2016-03-28 01:36:38','2016-03-29 09:55:45'),(29,22,29,'To Catch an Orc','To Catch an Orc','2016-03-28 01:36:38','2016-03-29 09:56:03'),(30,22,30,'Into Fangorn','Into Fangorn','2016-03-28 01:36:38','2016-03-29 09:56:20'),(31,23,31,'The Dunland Trap','The Dunland Trap','2016-03-28 01:36:38','2016-03-29 09:57:31'),(32,24,32,'The Three Trials','The Three Trials','2016-03-28 01:36:38','2016-03-29 09:57:53'),(33,25,33,'Trouble in Tharbad','Trouble in Tharbad','2016-03-28 01:36:38','2016-03-29 09:58:08'),(34,26,34,'The Nîn-in-Eilph','The Nîn-in-Eilph','2016-03-28 01:36:38','2016-03-29 09:58:24'),(35,27,35,'Celebrimbor\'s Secret','Celebrimbor\'s Secret','2016-03-28 01:36:38','2016-03-29 09:58:44'),(36,28,36,'The Antlered Crown','The Antlered Crown','2016-03-28 01:36:38','2016-03-29 09:59:03'),(37,29,37,'Intruders in Chetwood','Intruders in Chetwood','2016-03-28 01:36:38','2016-03-29 10:01:44'),(38,29,38,'The Weather Hills','The Weather Hills','2016-03-28 01:36:38','2016-03-29 10:02:11'),(39,29,39,'Deadmen\'s Dike','Deadmen\'s Dike','2016-03-28 01:36:38','2016-03-29 10:02:45'),(40,30,40,'The Wastes of Eriador','The Wastes of Eriador','2016-03-28 01:36:38','2016-03-29 10:03:13'),(41,31,41,'Escape from Mount Gram','Escape from Mount Gram','2016-03-28 01:36:38','2016-03-29 10:03:29'),(42,32,42,'Across the Ettenmoors','Across the Ettenmoors','2016-03-28 01:36:38','2016-03-29 10:03:48'),(43,33,43,'The Treachery of Rhudaur','The Treachery of Rhudaur','2016-03-28 01:36:38','2016-03-29 10:04:07'),(44,34,44,'The Battle of Carn Dûm','The Battle of Carn Dûm','2016-03-28 01:36:38','2016-03-29 10:05:39'),(45,35,45,'The Dread Realm','The Dread Realm','2016-03-28 01:36:38','2016-03-29 10:21:38'),(46,36,46,'Voyage Across Belegaer','Voyage Across Belegaer','2016-03-28 01:36:38','2016-03-29 10:26:14'),(47,36,47,'The Fate of Númenor','The Fate of Númenor','2016-03-28 01:36:38','2016-03-29 10:26:52'),(48,36,48,'Raid on the Grey Havens','Raid on the Grey Havens','2016-03-28 01:36:38','2016-03-29 10:27:51'),(49,37,49,'We Must Away, Ere Break of Day','We Must Away, Ere Break of Day','2016-03-28 01:36:38','2016-03-29 10:08:05'),(50,37,50,'Over the Misty Mountains Grim','Over the Misty Mountains Grim','2016-03-28 01:36:38','2016-03-29 10:08:27'),(51,37,51,'Dungeons Deep and Caverns Dim','Dungeons Deep and Caverns Dim','2016-03-28 01:36:38','2016-03-29 10:08:48'),(52,38,52,'Flies and Spiders','Flies and Spiders','2016-03-28 01:36:38','2016-03-29 10:09:02'),(53,38,53,'The Lonely Mountain','The Lonely Mountain','2016-03-28 01:36:38','2016-03-29 10:09:14'),(54,38,54,'The Battle of Five Armies','The Battle of Five Armies','2016-03-28 01:36:38','2016-03-29 10:09:31'),(55,39,55,'A Shadow of the Past','A Shadow of the Past','2016-03-28 01:36:38','2016-03-29 10:12:11'),(56,39,56,'A Knife in the Dark','A Knife in the Dark','2016-03-28 01:36:38','2016-03-29 10:12:37'),(57,39,57,'Flight to the Ford','Flight to the Ford','2016-03-28 01:36:38','2016-03-29 10:13:02'),(58,40,58,'The Ring Goes South','The Ring Goes South','2016-03-28 01:36:38','2016-03-29 10:13:31'),(59,40,59,'Journey in the Dark','Journey in the Dark','2016-03-28 01:36:38','2016-03-29 10:13:40'),(60,40,60,'Breaking of the Fellowship','Breaking of the Fellowship','2016-03-28 01:36:38','2016-03-29 10:13:50'),(61,41,61,'The Uruk-hai','The Uruk-hai','2016-03-28 01:36:38','2016-03-29 10:14:08'),(62,41,62,'Helm\'s Deep','Helm\'s Deep','2016-03-28 01:36:38','2016-03-29 10:14:23'),(63,41,63,'The Road to Isengard','The Road to Isengard','2016-03-28 01:36:38','2016-03-29 10:14:42'),(64,42,64,'The Passage of the Marshes','The Passage of the Marshes','2016-03-28 01:36:38','2016-03-29 10:18:02'),(65,42,65,'Journey to the Cross-roads','Journey to the Cross-roads','2016-03-28 01:36:38','2016-03-29 10:18:16'),(66,42,66,'Shelob\'s Lair','Shelob\'s Lair','2016-03-28 01:36:38','2016-03-29 10:18:33'),(67,1,67,'The Massing at Osgiliath','The Massing at Osgiliath','2016-03-28 01:36:38','2016-03-29 09:59:50'),(68,1,68,'The Battle of Lake-town','The Battle of Lake-town','2016-03-28 01:36:38','2016-03-29 09:59:54'),(69,1,69,'The Stone of Erech','The Stone of Erech','2016-03-28 01:36:38','2016-03-29 10:00:03'),(70,1,70,'The Old Forest','The Old Forest','2016-03-28 01:36:38','2016-03-29 10:00:08'),(71,1,71,'Fog on the Barrow-downs','Fog on the Barrow-downs','2016-03-28 01:36:38','2016-03-29 10:00:20'),(72,1,72,'The Ruins of Belegost','The Ruins of Belegost','2016-03-28 01:36:38','2016-03-29 10:00:26'),(73,1,73,'Murder at the Prancing Pony','Murder at the Prancing Pony','2016-03-28 01:36:38','2016-03-29 10:00:31');
/*!40000 ALTER TABLE `scenario` ENABLE KEYS */;
UNLOCK TABLES;

--
-- Dumping data for table `scenario_encounter`
--

LOCK TABLES `scenario_encounter` WRITE;
/*!40000 ALTER TABLE `scenario_encounter` DISABLE KEYS */;
INSERT INTO `scenario_encounter` (`scenario_id`, `encounter_id`) VALUES (1,1),(1,2),(1,3),(2,2),(2,4),(2,5),(2,6),(3,2),(3,3),(3,7),(4,4),(4,5),(4,8),(5,4),(5,6),(5,9),(6,2),(6,3),(6,10),(7,2),(7,5),(7,11),(8,5),(8,6),(8,12),(9,3),(9,6),(9,13),(10,14),(10,15),(10,16),(10,17),(11,17),(11,18),(11,19),(12,16),(12,19),(12,20),(12,21),(13,22),(13,23),(14,19),(14,22),(14,24),(15,22),(15,25),(16,15),(16,21),(16,26),(17,15),(17,16),(17,17),(17,27),(18,17),(18,21),(18,28),(19,29),(19,30),(19,31),(20,32),(20,33),(20,34),(20,35),(21,35),(21,36),(21,37),(21,38),(22,30),(22,31),(22,39),(23,33),(23,40),(24,37),(24,41),(25,35),(25,38),(25,42),(26,37),(26,43),(27,34),(27,38),(27,44),(28,45),(28,46),(28,47),(29,48),(29,49),(29,50),(30,51),(30,52),(30,53),(31,46),(31,53),(31,54),(32,52),(32,55),(33,49),(33,56),(34,53),(34,57),(35,49),(35,50),(35,58),(36,46),(36,47),(36,59),(37,60),(37,61),(37,62),(37,63),(38,63),(38,64),(38,65),(38,66),(39,61),(39,67),(39,68),(39,69),(40,62),(40,66),(40,70),(41,63),(41,71),(42,62),(42,66),(42,72),(43,64),(43,69),(43,73),(44,63),(44,67),(44,74),(45,67),(45,69),(45,75),(46,76),(46,80),(46,81),(46,85),(46,86),(46,87),(47,78),(47,82),(47,83),(48,77),(48,79),(48,84),(49,88),(49,89),(50,89),(50,90),(50,91),(50,92),(51,92),(51,93),(52,94),(52,95),(53,95),(53,96),(54,95),(54,97),(55,98),(55,99),(55,100),(55,101),(56,99),(56,100),(56,102),(56,103),(57,99),(57,101),(57,103),(57,104),(58,105),(59,106),(60,107),(61,108),(61,109),(61,110),(62,109),(62,111),(63,110),(63,112),(64,113),(64,114),(64,115),(65,116),(65,117),(66,114),(66,115),(66,118),(66,119),(67,120),(68,121),(69,122),(70,123),(71,124),(72,125),(73,126),(73,127);
/*!40000 ALTER TABLE `scenario_encounter` ENABLE KEYS */;
UNLOCK TABLES;

--
-- Dumping routines for database 'ringsdb'
--
/*!40103 SET TIME_ZONE=@OLD_TIME_ZONE */;

/*!40101 SET SQL_MODE=@OLD_SQL_MODE */;
/*!40014 SET FOREIGN_KEY_CHECKS=@OLD_FOREIGN_KEY_CHECKS */;
/*!40014 SET UNIQUE_CHECKS=@OLD_UNIQUE_CHECKS */;
/*!40101 SET CHARACTER_SET_CLIENT=@OLD_CHARACTER_SET_CLIENT */;
/*!40101 SET CHARACTER_SET_RESULTS=@OLD_CHARACTER_SET_RESULTS */;
/*!40101 SET COLLATION_CONNECTION=@OLD_COLLATION_CONNECTION */;
/*!40111 SET SQL_NOTES=@OLD_SQL_NOTES */;

-- Dump completed on 2016-04-03 20:03:02
